time,tip_cam_x,tip_cam_y,tip_cam_z,tip_plane_x,tip_plane_y,tip_plane_z,solder_plane_x,solder_plane_y,solder_plane_z,roll_deg,pitch_deg,yaw_deg,tilt_angle,est_area,touch_tip_board,touch_solder_board,touch_tip_solder,soldering_3way
1764110801.7173004,-0.016385773900789803,0.04485387048059924,0.41052169945075007,-0.0036033401156004945,0.0038307813593788376,-0.09579947411531342,0,0,0,87.43120352885283,-0.8271953908175856,72.1112584905395,87.30138758083123,0.9406009245924609,False,False,False,False
1764110801.82338,-0.01719339971961624,0.047475842584416846,0.4022476536426282,-0.004431817176352878,0.003019054319447395,-0.09268622151233949,0,0,0,87.64548479576221,-1.2768569610274085,72.85405688635787,87.32171926986362,0.9335350548106043,False,False,False,False
1764110801.8912678,-0.01719339971961624,0.047475842584416846,0.4022476536426282,0,0,0,0,0,0,0.0,0.0,0.0,0.0,0.0,False,False,False,False
1764110801.959862,-0.01719339971961624,0.047475842584416846,0.4022476536426282,0,0,0,0,0,0,0.0,0.0,0.0,0.0,0.0,False,False,False,False
1764110802.0158958,-0.01719339971961624,0.047475842584416846,0.4022476536426282,0,0,0,0,0,0,0.0,0.0,0.0,0.0,0.0,False,False,False,False
1764110802.0802522,-0.019110901231897015,0.05204036589273149,0.41382138759868525,-0.0052096738201817105,0.00396877682715565,-0.09474857013504416,0,0,0,88.3824791026858,-1.0582827958833472,73.30858813312246,88.06711646170069,0.6741918492541786,False,False,False,False
1764110802.1417627,-0.019110901231897015,0.05204036589273149,0.41382138759868525,-0.00567638780647901,0.004538610331780603,-0.09598597930866697,0,0,0,88.82549428180249,-0.9299476292348903,73.58263989321438,88.50195289220895,0.5226788074639764,False,False,False,False
1764110802.2052734,-0.019110901231897015,0.05204036589273149,0.41382138759868525,0,0,0,0,0,0,0.0,0.0,0.0,0.0,0.0,False,False,False,False
1764110802.2717865,-0.019110901231897015,0.05204036589273149,0.41382138759868525,0,0,0,0,0,0,0.0,0.0,0.0,0.0,0.0,False,False,False,False
1764110802.3343067,-0.019110901231897015,0.05204036589273149,0.41382138759868525,0,0,0,0,0,0,0.0,0.0,0.0,0.0,0.0,False,False,False,False
1764110802.3948202,-0.01759110712500258,0.048943576237678255,0.4060478624391438,-0.005807944866491204,0.003097904950519094,-0.09414619991072029,0,0,0,89.3612284514091,-0.9766689415806198,68.30022891430492,88.83300737302227,0.40724462168397285,False,False,False,False
1764110802.456309,-0.01759110712500258,0.048943576237678255,0.4060478624391438,-0.00588687910249852,0.002233481721762188,-0.09304233227195229,0,0,0,89.68439145283503,-0.9809357701682221,65.12616315309681,88.9695466979023,0.35961849999856293,False,False,False,False
1764110802.518808,-0.014526010922819192,0.04907884573113548,0.3953909000864472,-0.005333615243954931,-0.0007634032763205398,-0.08876220972394078,0,0,0,88.90531763724316,-0.8129099499630215,60.02685381895694,88.63652222170413,0.4757638642037918,False,False,False,False
1764110802.5808206,-0.014526010922819192,0.04907884573113548,0.3953909000864472,0,0,0,0,0,0,0.0,0.0,0.0,0.0,0.0,False,False,False,False
1764110802.6443305,-0.014526010922819192,0.04907884573113548,0.3953909000864472,0,0,0,0,0,0,0.0,0.0,0.0,0.0,0.0,False,False,False,False
1764110802.7084472,-0.014526010922819192,0.04907884573113548,0.3953909000864472,0,0,0,0,0,0,0.0,0.0,0.0,0.0,0.0,False,False,False,False
1764110802.77745,-0.014526010922819192,0.04907884573113548,0.3953909000864472,0,0,0,0,0,0,0.0,0.0,0.0,0.0,0.0,False,False,False,False
1764110802.836732,-0.014526010922819192,0.04907884573113548,0.3953909000864472,0,0,0,0,0,0,0.0,0.0,0.0,0.0,0.0,False,False,False,False
1764110802.8988886,-0.014526010922819192,0.04907884573113548,0.3953909000864472,0,0,0,0,0,0,0.0,0.0,0.0,0.0,0.0,False,False,False,False
1764110802.9608905,-0.014526010922819192,0.04907884573113548,0.3953909000864472,0,0,0,0,0,0,0.0,0.0,0.0,0.0,0.0,False,False,False,False
1764110803.0254023,-0.014526010922819192,0.04907884573113548,0.3953909000864472,0,0,0,0,0,0,0.0,0.0,0.0,0.0,0.0,False,False,False,False
1764110803.0874324,-0.014526010922819192,0.04907884573113548,0.3953909000864472,0,0,0,0,0,0,0.0,0.0,0.0,0.0,0.0,False,False,False,False
1764110803.1514337,-0.014526010922819192,0.04907884573113548,0.3953909000864472,0,0,0,0,0,0,0.0,0.0,0.0,0.0,0.0,False,False,False,False
1764110803.2079456,-0.014526010922819192,0.04907884573113548,0.3953909000864472,0,0,0,0,0,0,0.0,0.0,0.0,0.0,0.0,False,False,False,False
1764110803.27395,-0.014526010922819192,0.04907884573113548,0.3953909000864472,0,0,0,0,0,0,0.0,0.0,0.0,0.0,0.0,False,False,False,False
1764110803.3364577,-0.014526010922819192,0.04907884573113548,0.3953909000864472,0,0,0,0,0,0,0.0,0.0,0.0,0.0,0.0,False,False,False,False
1764110803.3979702,-0.014526010922819192,0.04907884573113548,0.3953909000864472,0,0,0,0,0,0,0.0,0.0,0.0,0.0,0.0,False,False,False,False
1764110803.4609706,0.016892621100049063,-0.004467664950016565,0.35569155200301655,0.004983050950597969,0.008006752752738287,-0.055366191192730806,0,0,0,87.02683420775654,12.987401190896819,43.38792338268118,76.68232903914853,4.483105463703748,False,False,False,False
1764110803.5214815,0.016892621100049063,-0.004467664950016565,0.35569155200301655,0.01117305066732971,0.013268846370173584,-0.03532858007400482,0,0,0,83.72281677878358,20.985444521827,32.32278473997218,68.13650071126762,6.9122300665293785,False,False,False,False
1764110803.586992,0.017507319091880358,-0.008280956488381317,0.36097650095815786,0.014340730883095126,0.019493568221852366,-0.02294951065124178,0,0,0,80.63619604450663,26.218474517758697,24.608810326784422,62.27146645311663,8.23701537451019,False,False,False,False
1764110803.6499927,0.017770596831433415,-0.008266742043384172,0.3507947683142867,0.01627752162168989,0.01818772477078605,-0.007842053097934135,0,0,0,77.49933610850553,28.570648797652158,18.431081530351612,59.02682808801879,8.825075564649275,False,False,False,False
1764110803.7135096,0.017770596831433415,-0.008266742043384172,0.3507947683142867,0.017439596064846748,0.01740421870014626,0.0012224214340504497,0,0,0,75.4469736739389,29.832813547327476,14.584841162412808,57.10296902642665,9.120776274353783,False,False,False,False
1764110803.7745142,0.016347680328776194,-0.01295237357232033,0.348801047517726,0.01752987936433681,0.018839042743318178,0.009933592951740141,0,0,0,72.31682272019182,32.303659269513865,10.938426347841897,53.638396519310106,9.548811692727204,True,False,False,False
1764110803.8408272,0.01705570944590107,-0.01358387114100653,0.3414552834704023,0.017372142102380306,0.018546897063433623,0.017164769103266045,0,0,0,70.87377111841943,33.44355095298579,8.307043825082765,52.03324857586594,9.700142996963375,False,False,False,False
1764110803.903338,0.01705570944590107,-0.01358387114100653,0.3414552834704023,0.017277499745206405,0.01837160965550289,0.021503474794181583,0,0,0,69.96879894614571,34.10028854369324,6.694846583813022,51.07464592296648,9.776025390411107,False,False,False,False
1764110803.9583397,0.01705570944590107,-0.01358387114100653,0.3414552834704023,0,0,0,0,0,0,0.0,0.0,0.0,0.0,0.0,False,False,False,False
1764110804.0228508,0.010898513434707088,-0.013942542012529296,0.3395860761643817,0.016728746742854843,0.016240491527440493,0.023812565040526583,0,0,0,70.36592971039299,34.150770345403096,5.190624408253425,51.20996075593567,9.765975566907413,False,False,False,False
1764110804.0848546,0.010898513434707088,-0.013942542012529296,0.3395860761643817,0.016399494941443903,0.014961820650603058,0.02519801918833358,0,0,0,70.60354868697051,34.185201958774066,4.287708848016093,51.28576633811386,9.760250256262475,False,False,False,False
1764110804.1470711,0.009454603390269604,-0.011190082272347048,0.35428205351970893,0.016084496017667944,0.014319293853261644,0.024548659169325433,0,0,0,70.8777928839192,33.141198780322355,4.874029788176893,52.29066344881943,9.677912702857068,False,False,False,False
1764110804.2104814,0.007171933926681168,-0.009367791233631365,0.35084788560975655,0.014428159281961379,0.016387413597525727,0.019475772800999012,0,0,0,70.55004596220894,33.81186756087031,4.039152953538659,51.577895654608966,9.737548056583963,False,False,False,False
1764110804.2673771,0.007171933926681168,-0.009367791233631365,0.35084788560975655,0.01343435724053744,0.017628285444084176,0.01643204098000316,0,0,0,70.34648680136641,34.212341083978316,3.532818611127768,51.149366418674475,9.770502856105118,False,False,False,False
1764110804.3309326,0.0029546811117791803,-0.010021123850991211,0.34882292388602826,0.012786511426193609,0.010741205368799198,0.023420971475441102,0,0,0,71.08639012517794,33.977594162672794,4.163021157631405,51.67291578920509,9.72994541915402,False,False,False,False
1764110804.392447,0.0029546811117791803,-0.010021123850991211,0.34882292388602826,0,0,0,0,0,0,0.0,0.0,0.0,0.0,0.0,False,False,False,False
1764110804.4554474,0.0029546811117791803,-0.010021123850991211,0.34882292388602826,0,0,0,0,0,0,0.0,0.0,0.0,0.0,0.0,False,False,False,False
1764110804.5199606,0.008064104262201645,-0.009445183715902368,0.35194220220551475,0.012578149708942273,0.008230927645925118,0.0221999610090278,0,0,0,70.8747923708249,34.897591841471474,4.728135678126396,50.796528851722684,9.795996062024491,False,False,False,False
1764110804.5839643,0.008064104262201645,-0.009445183715902368,0.35194220220551475,0.012453132678591473,0.006724761012200669,0.021467354729179818,0,0,0,70.75202354740335,35.45043907897886,5.0683013404335036,50.27142998012434,9.83118311658939,False,False,False,False
1764110804.6441836,0.007962745216413998,-0.003107703871853572,0.35616732898296755,0.011810372837052129,0.009609150423590705,0.016877143745885222,0,0,0,70.20539948523508,35.684419422339985,5.077930695694861,49.84022350176957,9.857609110773621,False,False,False,False
1764110804.7037702,0.008043871332797922,-0.0011358833989590852,0.35084036726626155,0.011214983024104263,0.01041021752280474,0.01420201020229641,0,0,0,70.01934182742094,35.64526817556253,4.46825220576038,49.793796843396905,9.860321245614191,False,False,False,False
1764110804.7697773,0.008043871332797922,-0.0011358833989590852,0.35084036726626155,0.010857749136335543,0.01089085778233316,0.012596930076143122,0,0,0,69.90799980805232,35.62100601790408,4.102661786490441,49.76634623800513,9.861912662518838,False,False,False,False
1764110804.8306103,0.009184030574876139,0.0031021042890531855,0.351114078515066,0.010384290870980788,0.010647961195356262,0.006830882979040312,0,0,0,70.63262844187521,36.58530378851624,4.223039834592625,49.24707150926423,9.890309678061792,True,False,False,False
1764110804.896121,0.009936231855303897,0.0018309646053922893,0.35216247341468293,0.010062630003573731,0.009974121216866078,0.008733099467688044,0,0,0,70.02410423276685,35.37111177332207,3.91543694422684,50.028242373505776,9.846360843224213,True,False,False,False
1764110804.9601316,0.009936231855303897,0.0018309646053922893,0.35216247341468293,0.009869633483129497,0.009569817229771967,0.009874429360876683,0,0,0,69.6670934933619,34.64130182342153,3.740577644477001,50.48538650075247,9.817243888008718,True,False,False,False
1764110805.0176437,0.009936231855303897,0.0018309646053922893,0.35216247341468293,0,0,0,0,0,0,0.0,0.0,0.0,0.0,0.0,False,False,False,False
1764110805.0803823,0.009936231855303897,0.0018309646053922893,0.35216247341468293,0,0,0,0,0,0,0.0,0.0,0.0,0.0,0.0,False,False,False,False
1764110805.13989,0.009936231855303897,0.0018309646053922893,0.35216247341468293,0,0,0,0,0,0,0.0,0.0,0.0,0.0,0.0,False,False,False,False
1764110805.2013373,0.009936231855303897,0.0018309646053922893,0.35216247341468293,0,0,0,0,0,0,0.0,0.0,0.0,0.0,0.0,False,False,False,False
1764110805.252338,0.009936231855303897,0.0018309646053922893,0.35216247341468293,0,0,0,0,0,0,0.0,0.0,0.0,0.0,0.0,False,False,False,False
1764110805.3130631,0.009936231855303897,0.0018309646053922893,0.35216247341468293,0,0,0,0,0,0,0.0,0.0,0.0,0.0,0.0,False,False,False,False
1764110805.3760893,0.019817256959995772,0.011324166842326205,0.3580886519470969,0.012390422559191584,0.009338925388224522,0.009014022272108659,0,0,0,70.00045540927151,35.40132274733509,2.9895179383222747,49.99240441785068,9.848537587515953,False,False,False,False
1764110805.4403734,0.019817256959995772,0.011324166842326205,0.3580886519470969,0.013902896004828837,0.009200390283296054,0.008497778018847844,0,0,0,70.19610333921344,35.859066554582945,2.538031908590768,49.68756043855663,9.86642988421514,False,False,False,False
1764110805.5083025,0.021174263413055627,0.0051791074214635364,0.3565513611184451,0.015267278975036783,0.0029146304097243045,0.012959254275632163,0,0,0,71.28164245887436,36.01528764464026,2.8609505115803207,50.00294686168917,9.847898855033867,True,False,False,False
1764110805.5653024,0.020799419309230543,0.004502247073073597,0.36054508033791927,0.015382429227535618,0.0051592761390126494,0.013544992101831202,0,0,0,68.91476747168699,36.76359239300234,2.2004538539871636,48.37207695142277,9.93080444554493,True,False,False,False
1764110805.6223092,0.020799419309230543,0.004502247073073597,0.36054508033791927,0.01545151937903492,0.006506063576585655,0.013896434797550625,0,0,0,67.47808918651934,37.201854674917584,1.782541094141742,47.37172698559942,9.965749568111153,True,False,False,False
1764110805.6953409,0.020799419309230543,0.004502247073073597,0.36054508033791927,0,0,0,0,0,0,0.0,0.0,0.0,0.0,0.0,False,False,False,False
1764110805.737345,0.020799419309230543,0.004502247073073597,0.36054508033791927,0,0,0,0,0,0,0.0,0.0,0.0,0.0,0.0,False,False,False,False
1764110805.8058574,0.020799419309230543,0.004502247073073597,0.36054508033791927,0,0,0,0,0,0,0.0,0.0,0.0,0.0,0.0,False,False,False,False
1764110805.8658593,0.020799419309230543,0.004502247073073597,0.36054508033791927,0,0,0,0,0,0,0.0,0.0,0.0,0.0,0.0,False,False,False,False
1764110805.9273794,0.020799419309230543,0.004502247073073597,0.36054508033791927,0,0,0,0,0,0,0.0,0.0,0.0,0.0,0.0,False,False,False,False
1764110805.9853845,0.02633140998733281,0.01735721536192009,0.3555621663228167,0.015971000801476534,0.007148143372722793,0.01279502289142121,0,0,0,65.76215766531364,38.250271872008554,0.44785435283007047,45.732428916598025,9.996731924821084,False,False,False,False
1764110806.0528934,0.02720384550945176,0.014132706724901974,0.3627508183885094,0.016007443058862668,0.010396733585197427,0.007382037116297017,0,0,0,67.0471423811602,38.47577754803704,0.9759837158663588,46.12786373595645,9.992251067097657,False,False,False,False
1764110806.1134088,0.02720384550945176,0.014132706724901974,0.3627508183885094,0.01602930841329435,0.012345887712682206,0.004134245651222501,0,0,0,67.82134018069128,38.60660220471382,1.296722218662552,46.35501341967458,9.988816159733242,True,False,False,False
1764110806.1704102,0.02457224743344781,0.01496264630414054,0.36360720504588734,0.016288199895219093,0.009853870104427585,0.008462605771197052,0,0,0,66.28560894026765,38.32128473252045,-0.061001090438856057,45.91432492361457,9.994907289583274,True,False,False,False
1764110806.2335193,0.02457224743344781,0.01496264630414054,0.36360720504588734,0,0,0,0,0,0,0.0,0.0,0.0,0.0,0.0,False,False,False,False
1764110806.294034,0.02457224743344781,0.01496264630414054,0.36360720504588734,0,0,0,0,0,0,0.0,0.0,0.0,0.0,0.0,False,False,False,False
1764110806.3612115,0.01637282191869666,0.014357781812124612,0.35688164078225965,0.01637180684952449,0.004161861167566607,0.01290747300761234,0,0,0,67.10248080772683,37.340083612468014,-0.1986562683536746,47.088078467394524,9.973448682126074,False,False,False,False
1764110806.4247324,0.017002051854369264,0.013566519460672635,0.3599277368840821,0.004191002693384314,0.044931237856773096,0.04988206420794531,0,0,0,33.83037142995434,23.083293373982404,-17.210860697568933,30.807909356454275,8.797798537726457,False,False,False,False
1764110806.4838812,0.017002051854369264,0.013566519460672635,0.3599277368840821,-0.0031174798002997933,0.06939286387029699,0.0720668189281451,0,0,0,16.61263621985242,10.71401252987742,-22.139966819172912,16.31486566380289,5.392078690513374,False,False,False,False
1764110806.5463886,0.015708030173765195,0.01020091377583409,0.3618606816981489,0.006166270344176196,0.0455890499013193,0.04438580800954436,0,0,0,34.147860187207286,24.347289240421947,-16.961260540382533,30.7576363675432,8.789442726455139,False,False,False,False
1764110806.6138432,0.015037290561343713,0.011915092401213984,0.3596470999402907,0.010746129219409671,0.030201857111465533,0.02949306552580504,0,0,0,45.61214136909104,30.909253621342753,-11.975454490188634,37.81630295168941,9.68724528814864,False,False,False,False
1764110806.6758463,0.015037290561343713,0.011915092401213984,0.3596470999402907,0.013494044544549756,0.02096954143755327,0.02055742003556145,0,0,0,53.248687060874076,34.379248867355294,-8.06298789446667,41.397407780722176,9.921033564098131,False,False,False,False
1764110806.7373555,0.013973020694703887,0.014604203504815142,0.3621541731236222,0.01528461026167656,0.015320881189027191,0.015110949073057541,0,0,0,58.2874547214779,35.40644480644174,-4.80576063027873,43.897512715582735,9.992595797147349,False,False,False,False
1764110806.7988653,0.01362728804908844,0.015888560651137314,0.3625773621102542,0.01629510333636291,0.007775582375505629,0.015544542776168012,0,0,0,62.26315432080229,35.28343848952929,-2.9703508982580398,46.26182884237747,9.990301257774476,False,False,False,False
1764110806.8648696,0.01362728804908844,0.015888560651137314,0.3625773621102542,0.016901399181174726,0.0032484030873926916,0.015804698998034293,0,0,0,64.64303631468444,35.15988205712119,-1.876827436322016,47.62788575619953,9.957957053911349,False,False,False,False
1764110806.9223783,0.01362728804908844,0.015888560651137314,0.3625773621102542,0,0,0,0,0,0,0.0,0.0,0.0,0.0,0.0,False,False,False,False
1764110806.981384,0.01362728804908844,0.015888560651137314,0.3625773621102542,0,0,0,0,0,0,0.0,0.0,0.0,0.0,0.0,False,False,False,False
1764110807.0478888,0.014412431550903645,0.02114860725802868,0.3640751080872239,0.017239961236494312,0.0008235368700039904,0.015261809075296897,0,0,0,66.0509275407583,34.574401229715725,-1.4246102085488663,48.807538465456645,9.911807037118422,False,False,False,False
1764110807.1153996,0.014346316800458662,0.01905807816948379,0.36271299189796224,0.016968481246714885,0.0006563942632988433,0.011168428135248067,0,0,0,68.73359344181735,34.55738956984713,-0.09712599879495515,50.127902914916206,9.840226614242143,False,False,False,False
1764110807.172401,0.014346316800458662,0.01905807816948379,0.36271299189796224,0.01680559325284723,0.000556108699275755,0.00871239957121877,0,0,0,70.34255093530217,34.52262193377158,0.6983096808217695,50.88542720715796,9.789712864775094,False,False,False,False
1764110807.2339108,0.015470121686912298,0.015066071198981434,0.36919769403450503,0.015542468526694287,0.008971201355692342,-0.0010249185571657706,0,0,0,69.69569754793723,36.12200207045854,1.1037876680763603,49.25056892868005,9.890129277669704,True,False,False,False
1764110807.3054233,0.018039724099737624,0.015266638879371134,0.3566751554693147,0.015458185265973269,0.0006027352192059365,0.005229640948265453,-0.041271882491192374,-0.018328878674371912,0.002015117223704288,71.71069987820394,34.696498570794944,1.3837671899573543,51.31973539001447,9.757662525735867,True,False,False,False
1764110807.3584237,0.018039724099737624,0.015266638879371134,0.3566751554693147,0.015407615309540658,-0.004418344462685906,0.008982376651524187,0,0,0,72.89960956629481,33.83744452698335,1.5204868850293618,52.5514652550485,9.654593055792656,True,False,False,False
1764110807.415939,0.018039724099737624,0.015266638879371134,0.3566751554693147,0,0,0,0,0,0,0.0,0.0,0.0,0.0,0.0,False,False,False,False
1764110807.477943,0.021100617246673472,-0.00020869344182708124,0.3698249868213299,0.014109028209088804,0.0053492096343435,0.0017350226332691595,-0.02608535672967517,-0.010405954751731339,-0.01491298604715141,73.72710787880492,34.11622548272414,3.8032275753073974,52.63015004508219,9.647400229899258,False,False,False,False
1764110807.5406368,0.021100617246673472,-0.00020869344182708124,0.3698249868213299,0.013329875948817689,0.011209742092561144,-0.0026133897776838572,-0.024982821578290283,-0.012183423707860352,-0.010436269655351493,74.23118879289662,34.27029799092464,5.178883930265673,52.682655041380684,9.642560093388123,False,False,False,False
1764110807.60592,0.01950727625955474,-0.0034399507646598916,0.37235706038361516,0.011814114573197544,0.012224911600442354,-0.002777911436463716,-0.023434981173064535,-0.022552310635667122,-7.65190935490545e-05,70.83954167392851,35.32657305061242,3.3520741360296658,50.41434994441923,9.821932667843885,True,True,False,False
1764110807.6649218,0.017834728649344114,-0.003668116745128583,0.37249735492212255,0.011008547191786965,0.01148608363869548,-0.0008672525307105911,-0.019945747635135326,-0.022956545349843427,0.003109767087871196,68.46813217218556,35.743148696319466,1.613941405909508,49.02555491184961,9.901435275312064,True,True,False,False
1764110807.7374337,0.017834728649344114,-0.003668116745128583,0.37249735492212255,0.01052520676294062,0.011042786861647357,0.0002791428127412838,-0.019216163547469994,-0.021924261939148065,0.0022053515225421982,67.03221665778484,35.964797639852335,0.5569941223811058,48.177488302863196,9.938552053380096,True,True,False,False
1764110807.7909462,0.01936949926175249,-0.0025567968686595922,0.375097891152524,0.011251621258889493,0.011372671893556754,0.0002228868179439522,-0.017708661386025393,-0.03029005465158327,0.0023681486130741614,67.71327639679976,35.39108157859468,1.6966012476706849,48.96592134648381,9.904329241151888,True,True,False,False
1764110807.8523266,0.01936949926175249,-0.0025567968686595922,0.375097891152524,0.011687469956458817,0.011570602912702392,0.00018913322106555325,-0.019314668790762095,-0.03359364969239298,0.0017154054993016588,68.1128751530462,35.04161728096283,2.372490818792883,49.43959129958998,9.880160118205788,True,True,False,False
1764110807.9139888,0.017877606638800853,-0.00040258320121668717,0.3775560803045714,0.013888574755904971,0.0060143043931348795,0.006268191055372735,-0.013086430879468487,-0.04612698498818715,0.013609488710606632,68.81535901555175,34.62471858565846,3.252025026242627,50.110339931589294,9.841316283676134,True,True,False,False
1764110807.962013,0.016538049336653076,-0.0006157436797144603,0.376775036444138,0.014203492356647958,0.006661588542172745,0.005307088259567479,-0.01932981987329115,-0.04041982831646307,0.002328595962019342,67.82587790130292,34.86454678653656,2.5867326523591982,49.4485155395611,9.879678811398891,True,True,False,False
1764110808.025875,0.016538049336653076,-0.0006157436797144603,0.376775036444138,0.01439244291709375,0.007049959031595464,0.004730426582084326,-0.017082837895280062,-0.03580528367717137,0.0015521520464519267,67.22919016126995,35.003894145294716,2.184230093600943,49.04912137554345,9.900279786606195,True,True,False,False
1764110808.0879014,0.016638762210591154,0.0019141892386634746,0.37718151522889354,0.014755656765053249,0.0073740638555036,0.003737225251231319,-0.014633846742389755,-0.03803899455109905,0.0010906464042771957,66.81150398158435,34.77556165820352,1.582135325623857,49.02850533336593,9.901290979921047,True,True,False,False
1764110808.150971,0.01724118032869199,0.0035475666845194258,0.3759333866026501,0.015087628628276001,0.00889063435048262,0.002114330013892915,-0.01464571081954423,-0.033968022555253025,-0.0003875905023298376,66.30471027452415,34.79224709287793,1.4566296650956498,48.76335333571615,9.91383912888056,True,True,False,False
1764110808.2119145,0.01724118032869199,0.0035475666845194258,0.3759333866026501,0.015286811746209654,0.00980057664747003,0.0011405928714898722,-0.015066335130033755,-0.03285062117207582,-0.0002999633706527449,66.00056183659927,34.80182053179849,1.3812290254295438,48.60283915282187,9.921022752759761,True,True,False,False
1764110808.2599163,0.016504052739032965,0.008785558350023762,0.3715045912075225,0.01573580435566508,0.011978497648013654,-0.0009958947057065039,-0.007770409530309143,-0.027135173463785467,-0.007724692143119549,70.21562657085903,32.97668086851901,4.300624814936462,52.127140415100115,9.692125157611919,True,True,False,False
1764110808.322915,0.01466921103473134,0.013280209153232837,0.3747992065570798,0.015473246904020384,0.009626703937484592,-0.00020237965630916753,-0.011986102266625389,-0.03902818917927631,0.0046457717810268195,69.21204827058591,33.17058920720402,3.504222108716062,51.49500679798592,9.74409257970758,True,True,False,False
1764110808.38622,0.01466921103473134,0.013280209153232837,0.3747992065570798,0.015315712433033566,0.008215627711167154,0.00027372937332923423,-0.012388422788210073,-0.037763307648838174,0.0032588166171333977,68.6073191834437,33.28130637399514,3.0236253223503473,51.11330952922452,9.773176093725702,True,True,False,False
1764110808.4457176,0.01276065816119338,0.016371196035756035,0.37622830457183737,0.015066951472595536,0.007134401016598584,0.0010244143226208456,-0.008067828832763996,-0.03551284245706218,0.005576806297788839,67.3128601719135,33.471209596433205,2.425531449915681,50.31972608306654,9.828084527229793,True,True,False,False
1764110808.508232,0.01276065816119338,0.016371196035756035,0.37622830457183737,0.014917694896332719,0.006485664999857442,0.0014748252921958124,-0.009053970274135676,-0.0349280697983515,0.0038979279144837897,66.53368535929597,33.579716966948965,2.0636184132453197,49.8370810841127,9.857793500275758,True,True,False,False
1764110808.5720596,0.010516629357834005,0.018143468997371008,0.37758776900138086,0.01366328887527593,0.0062723097267166645,4.670911909276617e-05,-0.00767678098852103,-0.03290427737538992,0.0009009961434488512,67.03976085448647,33.586272810567365,2.7872676061860555,50.09023036247126,9.84255941005631,True,True,False,False
1764110808.6335928,0.008317879515628967,0.020370059570941797,0.3682858090106258,0.011531154861234454,0.004972898278089622,-0.001528219843624947,-0.005065461485629846,-0.028255677521710626,-0.005025207824764677,67.46580076749476,34.44079105227201,2.8851998373908487,49.61828979548838,9.870339902679694,True,True,False,False
1764110808.6996152,0.008317879515628967,0.020370059570941797,0.3682858090106258,0.010251874452809567,0.004193251408913397,-0.0024731772212555746,-0.00923737206044848,-0.035142534295148464,-0.003550816215767749,67.72440575411923,34.95322463750852,2.94816816726814,49.32799166827647,9.886097990621568,True,True,False,False
1764110808.7606168,0.004200334208543186,0.022923973372570978,0.36856772507547647,0.00904641726482541,0.002781663928957869,-0.0022121835797338247,-0.004233213116205805,-0.0346632924955565,0.0005798530695350634,67.24397860501666,35.11280113398072,2.982631663964615,48.968320514064686,9.904213640087642,True,True,False,False
1764110808.8261278,0.005495809860696584,0.02341860613020496,0.3777035263900996,0.009625757174775379,0.0022213872007111036,-0.001748739590397348,-0.002459303346652765,-0.036404710944096697,0.006404351004367037,68.31239813896688,34.59664901589494,4.3723465017412115,49.89805277941403,9.85419465486569,True,True,False,False
1764110808.8821328,0.005495809860696584,0.02341860613020496,0.3777035263900996,0.00997336112074536,0.0018852211637630442,-0.001470673196795462,-0.0031188088677263706,-0.03617635741795994,0.004483503073315964,68.9429078410489,34.27683257415645,5.196389903709917,50.45694664194957,9.819128312942377,True,True,False,False
1764110808.9516432,0.0042058048843937115,0.025015270668030845,0.3832087052289365,0.009595648519260789,0.004921554440660144,-0.004046858416631547,-0.0008327870375982559,-0.029688699212349456,0.0024794431083277613,68.05214891360727,34.482818205000505,4.807192804924706,49.86739053963237,9.856010069518799,True,True,False,False
1764110809.0151567,0.003671917559415802,0.024480952947355885,0.3832644802477216,0.00920512495060173,0.006748376134291618,-0.005128733585061273,-0.003974261860132142,-0.03588019995714248,0.002051669102678344,67.77281935224076,34.36019143032561,4.72902541806252,49.83263189114294,9.858054365354269,True,True,False,False
1764110809.0771616,0.003671917559415802,0.024480952947355885,0.3832644802477216,0.008970810809406293,0.007844469150470504,-0.005777858686119108,-0.0016900762215113323,-0.03191105387461074,0.0014524507483203442,67.60551433859625,34.28646483483105,4.682527316534923,49.810940020891394,9.859322797336642,True,True,False,False
1764110809.1352,0.0018428902247660944,0.022232927436841264,0.38389129368138364,0.008372852461861154,0.008562341991844122,-0.006566782813412284,-0.0006352015096937821,-0.03293377175082021,-0.0001794806740304522,67.87329600850008,34.19394640186711,4.492608463539053,50.01598375376747,9.847107147721996,True,True,False,False
1764110809.2037117,0.001956160790148556,0.021720484803429568,0.38207738519086226,0.008341369846279294,0.008255245517655843,-0.006861400844997983,0.0005452176112767555,-0.039054219547165286,-0.00101652350443604,68.40340504219591,34.34075941314271,5.002501247792317,50.150650468650525,9.838809778613268,True,True,False,False
1764110809.2637134,0.001956160790148556,0.021720484803429568,0.38207738519086226,0.00832248027693018,0.008070987633142877,-0.007038171663949403,0.0018275803576499189,-0.03674365939953256,-0.0007145873679627601,68.72266938670681,34.42697150335212,5.30964868426767,50.23027285143601,9.833801631634554,True,True,False,False
1764110809.3282254,0.0015587764980850745,0.021508772442283143,0.38334043587587563,0.008282086151829304,0.008167295947709338,-0.006862714127685458,0.0009119061656531584,-0.03698259982387159,0.0009977013538596813,68.27995678033022,34.550572308450874,4.915655541143141,49.92043616543077,9.852862276731253,True,True,False,False
1764110809.3852298,0.0015587764980850745,0.021508772442283143,0.38334043587587563,0.008257849676768778,0.008225080936449214,-0.006757439605927092,0.002102268108932142,-0.03530901590978999,0.0006940310656597948,68.0135210970041,34.62352600001472,4.678425466891621,49.73428559175139,9.863759877575651,True,True,False,False
1764110809.44679,0.00029999694962635007,0.022474259914485477,0.3780566626955739,0.007471424290877288,0.007789498927767527,-0.0068713596429482784,0.0013728062825074175,-0.029035487071565586,-0.0027088046404705746,67.95615324623515,34.64589801343333,4.597655186381071,49.68869347900514,9.866365449582387,True,True,False,False
1764110809.5087628,0.0009450564014934978,0.02211991941340214,0.3827020182410685,0.007107368608992533,0.008070469047825208,-0.007118065820355016,0.0008662291017015461,-0.03126360101824632,0.00031938419067112367,68.50410354443724,34.36740054997176,4.776300891593147,50.17648204662075,9.837193332101567,True,True,False,False
1764110809.5720978,0.0009450564014934978,0.02211991941340214,0.3827020182410685,0.006888935199861678,0.008239051119859815,-0.007266089526799059,0.0011578326108396056,-0.028945628318613054,0.00022506815454553797,68.83150100545754,34.19962955760132,4.881656777709552,50.46848674474265,9.818364832340718,True,True,False,False
1764110809.6343966,-0.001019257978773433,0.024120252881591066,0.3807737003258242,0.0059292626299355805,0.00865087615762719,-0.008576572087762023,-0.005039401532214044,-0.026064451305750802,-0.002013542925738132,68.24759764241892,34.95784614768008,4.40865854399412,49.5714495526845,9.872951122009994,True,True,False,False
1764110809.6999009,-0.0006459624540237213,0.024254405337623946,0.38153731550504394,0.005368713145884737,0.009014727806512796,-0.00930319750916505,-0.006631623768649453,-0.022082551237263492,-0.0011325403865631856,68.35889029334608,34.95025536900889,4.051087694835775,49.62971585463305,9.869698926496874,True,True,False,False
1764110809.7602234,-0.0006459624540237213,0.024254405337623946,0.38153731550504394,0.005032383455454231,0.009233038795844159,-0.009739172762006866,-0.006638322275877486,-0.02247514002741549,-0.0007926509630728495,68.42568866957299,34.945974157313834,3.8365502582138356,49.66437677133439,9.867744922351221,True,True,False,False
1764110809.8236947,-0.0018384284471943194,0.02429334168759472,0.38321437564595173,0.005162835066154392,0.009478862395722855,-0.009325818180631674,-0.006304808174966104,-0.017454824138713076,0.0019888138032972957,68.29458154480507,35.03767196121765,3.864328145006885,49.527858066975966,9.875357520658614,True,True,False,False
1764110809.8847,-0.0015580777701286012,0.02448587228763361,0.3838073581930251,0.004917782722716635,0.009740027141902583,-0.010111883243038952,-0.012115123507631019,-0.016913830473180458,-0.0006127655935805332,68.93071344645973,34.82957415493464,4.098043656031273,49.994026036443046,9.848439425700432,True,True,False,False
1764110809.946411,-0.0015580777701286012,0.02448587228763361,0.3838073581930251,0.004770751316653981,0.00989672598961042,-0.010583522280483319,-0.011224111015660544,-0.01476831327379427,-0.00040599034787869304,69.311129028966,34.703698352121016,4.236637458339359,50.27240230883643,9.83112100933601,True,True,False,False
1764110810.0109203,-0.0015992945823032276,0.02441729922995625,0.37995284561256515,0.004343002941840294,0.009166181832009186,-0.009449356193723182,-0.012415110752493536,-0.013364892851127269,0.00036780309192901983,69.06357518818331,34.810173411634814,4.196823959479193,50.070985515204825,9.843744539854221,True,True,False,False
1764110810.0693276,-0.0026552950689060703,0.023887853482498847,0.38001861088503713,0.003931986745339447,0.008601315930720093,-0.009326281501614872,-0.011264611317438465,-0.011653609479858523,-0.001124106626068433,69.51711336970246,34.83306217275206,4.497461692124661,50.25743951648661,9.832075500100732,True,True,False,False
1764110810.1330512,-0.0026552950689060703,0.023887853482498847,0.38001861088503713,0.0036853770274389384,0.008262396389946636,-0.009252436686349886,-0.01078518985532349,-0.012012475673931267,-0.0007885557757891792,69.78936487127156,34.84585732445091,4.677987118717774,50.368372086572776,9.824935252266233,True,True,False,False
1764110810.1969151,-0.0025971782813301904,0.023105792703167646,0.38354489484941584,0.003643710096984892,0.008849590793644058,-0.009809181322505583,-0.010422784246271459,-0.011026000262888497,0.0004250870819240693,69.40845492303966,34.97545038062254,4.199827308496239,50.089500593748056,9.842604431457142,True,True,False,False
1764110810.2593517,-0.0025971782813301904,0.023105792703167646,0.38354489484941584,0.003618709938712464,0.009201907435862512,-0.010143228104199,-0.009156391005400593,-0.009152455723806185,0.0002814229569900739,69.1789897716476,35.05195232060158,3.912066294082895,49.92222601959054,9.852755475368756,True,True,False,False
1764110810.3189108,-0.0031881497353106122,0.02314847272948002,0.37976510711143724,0.003981099294570875,0.006937149031492245,-0.008112542493829608,0.0013785192115623943,-0.011321769675465804,0.002101238706563646,68.79478158316735,35.389182698155544,3.9814434869707487,49.467560585982625,9.878648457788463,True,True,False,False
1764110810.383331,-0.0037140938675000387,0.024205408178573633,0.37970496789345476,0.004039154214404032,0.006595308084262206,-0.008229741926878021,0.001828132940944572,-0.009576431129029339,-0.0006123320286411937,68.9147356372871,35.43744728834905,4.096774769827205,49.48169006815013,9.877881219396999,True,True,False,False
1764110810.4438398,-0.0037140938675000387,0.024205408178573633,0.37970496789345476,0.0040739871663039275,0.006390203515924182,-0.00830006158670707,0.00034955012871550756,-0.009921657924610472,-0.00042839606614197834,68.98679977769076,35.466311513056795,4.166066208060771,49.49009469360013,9.877423704012227,True,True,False,False
1764110810.4929845,-0.0028081363480208683,0.0229622386053384,0.3807216949183328,0.004188009514512793,0.007824206967421502,-0.011382548804774156,-0.002520755478332873,-0.0022471283993408253,-0.005628521553474319,69.77065471732148,35.65604128833711,4.200404795848736,49.677198466383885,9.867018440988803,True,True,True,True
1764110810.5574021,-0.003410515964776935,0.023028213464787117,0.3800038804691265,0.004937919117366245,0.006490090044896672,-0.008358458960000587,-1.7950538766658974e-06,-0.006405042395867977,0.004333746270809347,69.20119415046116,35.0401544176584,3.860542618640764,49.94209735948675,9.851567160361922,True,True,True,True
1764110810.621919,-0.003410515964776935,0.023028213464787117,0.3800038804691265,0.005387864879078316,0.005689619891381774,-0.006544005053136445,-0.0005702845377796202,-0.00693802773393043,0.003043204231478469,68.86369053824862,34.66930687988904,3.6614195017490774,50.095860662569294,9.84221184693295,True,True,True,True
1764110810.694015,-0.0036682880985019484,0.02231766156794316,0.37946503473394017,0.005129409716549594,0.006430245786090135,-0.008184785196542213,0.0011093973106618485,-0.0013011542489695105,-0.0031898189557313383,69.55407091661432,34.707595777450855,4.13434409634534,50.37904904481172,9.82424024917422,True,True,True,True
1764110810.7585042,-0.004657706504469408,0.02161724028928156,0.3842419237829895,0.004430398427707819,0.008226716635469098,-0.011784400039077866,-0.0017916672601133964,-0.0012060881839728033,-0.004400715223268181,70.61567298908926,35.04323725272716,4.670333382200136,50.56165825840398,9.812142359272636,True,True,True,True
1764110810.8187366,-0.004657706504469408,0.02161724028928156,0.3842419237829895,0.004010991654402754,0.009304599145096477,-0.01394416894459926,-0.0013090971410378953,-0.002094333269622134,-0.003087548551228503,71.25657482027792,35.240688664619526,4.996615526120609,50.66213151972909,9.805315933248377,True,True,True,True
1764110810.884944,-0.0049920385133525175,0.02355645645565136,0.38001109125566557,0.0035882239876341964,0.00828627632165737,-0.01382600667693425,-0.001940734933924295,0.0016618064785541287,-0.0012897399563301382,71.03780946026663,35.23592148348199,4.831561670929727,50.57523362206601,9.811227062329754,True,True,True,True
1764110810.9443684,-0.005404754788693095,0.022015286631412483,0.38140435739347206,0.003752509767381833,0.00809673241525274,-0.012550586606852475,-0.0009123847491619465,0.002362063381957158,0.0015385413997023312,70.26162352879705,35.40324817952897,4.642776150401593,50.10344175025497,9.841743259505005,True,True,True,True
1764110811.0064313,-0.005404754788693095,0.022015286631412483,0.38140435739347206,0.003851081235230415,0.007983006071409962,-0.01178533456480341,-0.000803981127846562,0.0019354250692711905,0.0010842095901141824,69.7948053825858,35.502638527006916,4.52798395987926,49.81732329393756,9.858950122414026,True,True,True,True
1764110811.057446,-0.005724351185101888,0.0210823459336154,0.38430759240939316,0.00398578656350205,0.008635051194477748,-0.012883968290311633,-0.0014283746124054142,0.0015971335433625222,-0.0007319785913099119,70.37292589257916,35.318483574985365,4.693352397480463,50.22326887632292,9.834245220534207,True,True,True,True
1764110811.1198523,-0.005724351185101888,0.0210823459336154,0.38430759240939316,0.004066609760465031,0.009026278268318418,-0.013543148525616567,-0.0018420647933229117,0.0017457581611063644,-0.0005126988474912775,70.7188579088555,35.20734037289924,4.791299495940885,50.46548497813819,9.818563579258306,True,True,True,True
1764110811.1824548,-0.005100241222703184,0.021429004319325262,0.385953197292078,0.004221043901652412,0.009625056598647184,-0.014667636472761043,-0.0006587492376492095,0.0011868149908646208,-0.000615579904534258,71.05746049856425,35.089439532243446,5.1770721400972555,50.709274477384525,9.80207133599508,True,True,True,True
1764110811.2454867,-0.005663987024314709,0.022521723816888054,0.38166644245386744,0.003948153201128534,0.008796332837632566,-0.01410135746005086,-0.0009110105835282191,0.00020528142319384268,-0.00020429556496620593,70.67010956657067,35.29160125503087,4.868870304697547,50.372797966676956,9.824647320796627,True,True,True,True
1764110811.3076954,-0.005663987024314709,0.022521723816888054,0.38166644245386744,0.0037844187808142075,0.008299098581023796,-0.013761590052424751,-0.0013635349076011258,-0.00024464568537554965,-0.00014353441994457983,70.43659466900827,35.412078420226706,4.682776086944465,50.17074772941237,9.837552855608493,True,True,True,True
1764110811.369411,-0.005262202982104388,0.022522456140722895,0.3798005147744987,0.0037187587616195226,0.007563231751678216,-0.011814041674359949,0.0005102949222939059,0.00014127571071995138,0.0018626338247751395,69.81266433958373,35.174434426529174,4.455738052065613,50.10208226292528,9.841827340203913,True,True,True,True
1764110811.4309394,-0.005520453664624697,0.02249860218923374,0.3800979408781039,0.0032182708274955856,0.007385705259705596,-0.012165290024674098,-0.002155945681902683,-0.0008780113100174125,-0.0011721452412429278,69.65139743041458,35.31598351273238,4.2759997888317445,49.91186581719319,9.853373140081697,True,True,True,True
1764110811.493456,-0.005520453664624697,0.02249860218923374,0.3800979408781039,0.0029179780670212235,0.007279189364522023,-0.012376039034862589,-0.001844367571208809,0.00017534174776304146,-0.0008189878598043321,69.55424027469758,35.40071426547242,4.167771108969772,49.79774889633384,9.860091384379881,True,True,True,True
1764110811.5554576,-0.005663987024314709,0.022521723816888054,0.38166644245386744,0.002732945066721802,0.00773946692633437,-0.012814140240359654,-0.00015577251603051886,-0.00035743679158747876,-0.00017939010800993582,69.72972897557109,35.7164728112174,4.463299455057369,49.60835640000687,9.870895867931589,True,True,True,True
1764110811.6182363,-0.005792659230725746,0.022312971146264883,0.37951635132604805,0.0027191521209827584,0.007244701356003613,-0.011718856144001612,5.041675875133017e-05,-0.0012293796156168102,0.0009081531002866905,69.63213718477785,35.59172803807129,4.466832733132833,49.67113010952366,9.867362522402171,True,True,True,True
1764110811.6802168,-0.005792659230725746,0.022312971146264883,0.37951635132604805,0.0027108763535393316,0.006947842013805159,-0.011061685686186788,-0.0008147700806005395,-0.0025679192870244893,0.0006310131050529799,69.57365037354492,35.51688348885968,4.469075365070475,49.70854969018296,9.865233745925355,True,True,True,True
1764110811.7442505,-0.005792659230725746,0.022312971146264883,0.37951635132604805,0.002634722972366052,0.006920264292976007,-0.010976577935570902,-0.0009350812396335881,-0.0015606493157292733,-2.1314554327245272e-05,69.31634330640871,35.727628296450646,4.348502935508411,49.41813054001949,9.881313625975421,True,True,True,True
1764110811.806204,-0.0061947721169472,0.021459539537871268,0.3817539468295096,0.002696521762416398,0.007527823536538815,-0.010582196732736502,-0.0014477707111353252,-0.0004820336705948225,0.001488247232386164,69.52493795819247,35.461119737633375,4.557679323505878,49.73403245168393,9.863774413410853,True,True,True,True
1764110811.869451,-0.0061947721169472,0.021459539537871268,0.3817539468295096,0.0027336010364466057,0.0078923590826765,-0.010345568011035863,-0.0008047982151574845,-0.0016362431440286873,0.0010495144785427346,69.64919183865702,35.300918107102426,4.682282917724695,49.92357301437909,9.852675074251069,True,True,True,True
1764110811.9331858,-0.006237794843445412,0.021831023484512893,0.37719024821641495,0.0023968403764934396,0.006937611266020497,-0.009834114363972933,-0.0013423778435606264,-0.0005530327959573922,-0.0010028602298619571,69.00364697119257,35.83210187432768,4.3474606136123946,49.19216587649336,9.893122442027027,True,True,True,True
1764110811.996943,-0.0057643873507894315,0.020613891000156297,0.38061948061474554,0.002516187881571706,0.007656860373821009,-0.010503978816446092,-0.0007998408686166886,-0.0010685263166168857,-0.001006511288335954,69.78370786339548,35.74776455736028,5.0668905915794005,49.60529440045812,9.87106700662833,True,True,True,True
1764110812.0604289,-0.0057643873507894315,0.020613891000156297,0.38061948061474554,0.0025877963846186658,0.008088409838501315,-0.010905897487929988,-0.0009849438415250149,-0.0009748353555532885,-0.0007037430389494337,70.25069806641712,35.6933538823402,5.4974786772973765,49.85191741342754,9.856921898270825,True,True,True,True
1764110812.1224494,-0.006318736517240263,0.02040813209784944,0.3799808443963883,0.0021512493071115784,0.008095430747990679,-0.011506196006717427,-0.0014254649610227176,-0.0014376258360416228,-0.0016537947307082579,70.46821576370763,35.77857959938612,5.395288952578273,49.871255180462015,9.855781878120753,True,True,True,True
1764110812.1843083,-0.006318736517240263,0.02040813209784944,0.3799808443963883,0.0018893210606073258,0.008099643293684296,-0.01186637511798989,-0.0014711638872334336,-0.0010152499989461716,-0.0011545034174349489,70.59874905804291,35.829866213291226,5.334113943711505,49.8821046302302,9.855140303485936,True,True,True,True
1764110812.247348,-0.006152290430302389,0.020073990421211937,0.3791493966614482,0.002170551591254173,0.007584795007074988,-0.010348248849593395,-0.0004157764203610026,-0.001523153900353319,0.0017233335675403416,70.28516671819764,35.287229416845044,5.403001598369635,50.21217094022978,9.834946892216868,True,True,True,True
1764110812.3093364,-0.006993589603478137,0.020422943430329382,0.38155935210538294,0.00204090619728744,0.0079733737780507,-0.010645541011307078,-0.0003239738462729666,0.0005490100887635962,0.0007329268293843616,69.87423058739611,35.55133050706169,5.10806929771947,49.81069591599356,9.85933703920679,True,True,True,True
1764110812.3723385,-0.006993589603478137,0.020422943430329382,0.38155935210538294,0.0019631189609074003,0.008206521040636124,-0.010823916308335287,-0.0007150362986592038,-0.0006527375101933464,0.0005238699076762221,69.62621446553116,35.70896054015008,4.92952440044621,49.56967200027526,9.873049696071561,True,True,True,True
1764110812.4366198,-0.006847577573889846,0.020728556844194605,0.37965955705858573,0.001917227039384949,0.007693546070736322,-0.010375507242067383,-0.001386171251446567,-0.0013918143793039406,0.00036552711462428666,69.09197447077564,35.72286236477752,4.539480823983903,49.3228117593566,9.88636995497101,True,True,True,True
1764110812.4975522,-0.006577895110128948,0.02038272851752651,0.38027717659472915,0.0020093129109278875,0.007397844295210499,-0.00974648431235275,-0.001058529195730861,-0.0005334238975324979,0.001018193804436296,69.00530014110711,35.47305780613899,4.4627921930055,49.49278260403753,9.877277205114664,True,True,True,True
1764110812.5610664,-0.006577895110128948,0.02038272851752651,0.38027717659472915,0.0020645644338536506,0.007220423229895006,-0.009369070554523969,-0.0005939372516745277,0.0007574175844776709,0.0007149317223450469,68.95362094618267,35.32312951461109,4.417115209529716,49.59443072706685,9.871673280096129,True,True,True,True
1764110812.6211407,-0.007104799804452198,0.02038268200119013,0.3802909074941264,0.001953084717263118,0.007211953051386944,-0.00934067131657537,-0.0006057413536060229,-0.0005105783530939823,0.00019519638172643683,68.99200007238585,35.24434678268275,4.436082344442924,49.67737434375337,9.867008461978411,True,True,True,True
1764110812.6855288,-0.007104799804452198,0.02038268200119013,0.3802909074941264,0.0018516427522835166,0.006210481746212637,-0.008980403952630105,-0.0008424376007283574,-0.0019873080956915312,0.0008026931818222449,68.83466839655424,35.54478210661498,4.235519953135893,49.35621631549603,9.884610413997722,True,True,True,True
1764110812.7486587,-0.007104799804452198,0.02038268200119013,0.3802909074941264,0.0017907775732957558,0.005609598963108054,-0.008764243534262944,-7.554816268568604e-05,-0.0028259248456879438,0.0005616884359639363,68.73936347398117,35.724827520593614,4.114332396808149,49.163431488838484,9.894579992831401,True,True,True,True
1764110812.8114865,-0.007370624896146302,0.02093646625383143,0.37997034597553947,0.0017139310304106756,0.005047229423981272,-0.007753156467311456,-0.001221230569470176,-0.001137773768720346,0.0020174444464220453,68.30884532428227,35.626407065287594,3.835133356971756,49.049441888404914,9.90026402534054,True,True,True,True
1764110812.874493,-0.006820308769775216,0.020084456984162863,0.380685699454129,0.0018597724137179915,0.006098691588321187,-0.008416546693109764,-0.00023529487296168952,0.0015307859038445615,-0.0008599773595484028,69.21656368059,35.253503187114475,4.735983269487066,49.77091738729547,9.861648283790812,True,True,True,True
1764110812.9386778,-0.006820308769775216,0.020084456984162863,0.380685699454129,0.001947277243702381,0.006729568886925136,-0.008814580828588749,-0.0002269511922363826,-0.0003744308748855063,-0.0006087604255641255,69.75572409582384,35.02421234999298,5.271011209767558,50.20346127263517,9.835496530933453,True,True,True,True
1764110812.9991372,-0.007250595273526408,0.02060542073381779,0.382147464278494,0.0018861489848904132,0.007439402745066886,-0.009537464408042071,-0.0010317721945260726,0.0010560484858164187,-0.00020020860289565734,69.82822465403574,35.112720541260224,5.194637438866327,50.16094533392001,9.838166521943322,True,True,True,True
1764110813.061307,-0.007630566140398098,0.02091143187410016,0.38026733393854173,0.0017315486887134754,0.006363785067454656,-0.009721218164733654,-0.0003400129099438813,-0.0019926215452532314,-0.0006040000644122467,69.66496615926236,35.6539308142304,4.858614652900227,49.63299832957611,9.869514496732988,True,True,True,True
1764110813.1218345,-0.007630566140398098,0.02091143187410016,0.38026733393854173,0.0016387885110073128,0.005718414460887318,-0.009831470418748604,-8.99034781747729e-05,-0.0022817731911365102,-0.00042835397267548814,69.5645930201071,35.97828322375373,4.654982847978404,49.315556266187514,9.88675035172143,True,True,True,True
1764110813.1849933,-0.008120907893105166,0.02113193042844912,0.3798303887573718,0.0014981443357546436,0.006031146900903906,-0.009410521243440209,-0.00017906555032119395,-0.00048391126895647174,0.00042809104244234675,69.47098885090624,35.738643497753344,4.415620724243558,49.47682402265181,9.87814571953021,True,True,True,True
1764110813.2480366,-0.008120907893105166,0.02113193042844912,0.3798303887573718,0.001413757830603042,0.00621878636491386,-0.009157951738255172,-0.0004880488516009751,-0.00031297738876526204,0.0002978240919354058,69.41555219382154,35.59470785336144,4.272578841884282,49.57351904328215,9.87283631064633,True,True,True,True
1764110813.3104467,-0.008241488657939881,0.021390299034883688,0.3825340096527446,0.0015852850502806135,0.005946961932081478,-0.00932241492901795,-5.981626748178051e-05,-0.002165336058524703,0.0013617817043294345,69.40973763149522,35.535724063249766,4.2597630111360285,49.620502194297444,9.870215914664358,True,True,True,True
1764110813.3727539,-0.00868173656278675,0.02196828680314835,0.38022635854990827,0.001373429604297836,0.005940779680082197,-0.009429227818573768,-0.0006712937321384782,-0.00037547488513334226,-9.62804946177398e-05,68.85707406384269,35.6641913192845,4.136281199785658,49.266853550585154,9.88928735958038,True,True,True,True
1764110813.4350362,-0.00868173656278675,0.02196828680314835,0.38022635854990827,0.0012463163367081695,0.00593707032888263,-0.009493315552307258,-0.001177099215083282,-0.0007371701516214191,-6.655235712482721e-05,68.52488200375775,35.74080530628798,4.061365101155747,49.05325380071295,9.900076478997708,True,True,True,True
1764110813.4989805,-0.008251755242494468,0.0214481345742863,0.3788045190380611,0.001188368402524235,0.005906794267630366,-0.009691937048816702,-0.0010569288990923166,-0.000600516733659906,-0.0014195012837255327,68.9643145859833,35.751380597476526,4.615344850562266,49.24211567299116,9.890565052626787,True,True,True,True
1764110813.561149,-0.009140481090744133,0.02200020330501129,0.3822420775416026,0.0007539592530601458,0.006857488899085091,-0.011351462403990101,-0.0006554420181302881,-0.0014409101631209786,-0.001507805959155617,69.32605397583228,35.75222181080884,4.846506939158324,49.40175222939064,9.882190223196861,True,True,True,True
1764110813.622836,-0.009140481090744133,0.02200020330501129,0.3822420775416026,0.0004933137633816922,0.007427905677957926,-0.012347177617094142,-0.0009487306545792329,-0.0002675381800899268,-0.0010467484805371519,69.54310040354929,35.75215800638064,4.985206876656938,49.49698128168606,9.87704819103673,True,True,True,True
1764110813.6838384,-0.008773917689008546,0.022500521597747524,0.37875095768736333,0.0009173084776535286,0.0055204478954851595,-0.009994883520367905,-0.000263602740112754,-0.0041455897966772015,0.002696060064722283,69.30988003332013,35.61750920323236,4.900781273897647,49.507709659375024,9.876462055175768,True,True,True,True
1764110813.7438557,-0.009506689228163468,0.022616600691505725,0.37999048106017813,0.0009078923756335301,0.004453681886085108,-0.009534102106157093,-0.0012324297049802167,-0.004070876816761854,0.0009335694295851127,69.25760870030295,35.61812480507688,4.843383327249679,49.48405063440981,9.877752805135604,True,True,True,True
1764110813.8454168,-0.009506689228163468,0.022616600691505725,0.37999048106017813,0.000902242714421531,0.0038136222804450773,-0.009257633257630606,-0.0004167749974022597,-0.004747737124233764,0.0006462222731828948,69.22624535339973,35.61847373325471,4.8089440250186,49.469850972252345,9.878524251787788,True,True,True,True
1764110813.8994853,-0.006856321411871286,0.022941147408269493,0.37855964867443653,0.0013608934904602355,0.0027714431087782847,-0.0069530365928195705,-0.00011010052149355853,-0.013150266689808898,0.0033462311759269725,69.05254811557126,35.482074866327636,4.17065232404926,49.50646140636894,9.876530323630622,True,True,True,True
1764110813.9614785,-0.005340162232757739,0.018738112882724887,0.39539441246453677,0.0011681410927950574,0.011095863758323521,-0.016827572255160447,-0.004137949399651945,-0.01639870897110654,-0.009725779971951676,70.30133158979929,36.86192817609793,4.921573953481041,48.873674251175004,9.908721368714632,False,True,False,False
1764110814.0224755,-0.005340162232757739,0.018738112882724887,0.39539441246453677,0.0010524896541959504,0.016090516148050665,-0.022752293652564974,-0.004160278818147397,-0.018630782686184122,-0.006791594759159081,71.07262759161456,37.68341551481559,5.396976834764338,48.47010457926925,9.926727875749684,False,True,False,False
1764110814.0694754,-0.005340162232757739,0.018738112882724887,0.39539441246453677,0,0,0,-0.014589308601481756,-0.05151203084994363,0.011391212173538057,0.0,0.0,0.0,0.0,0.0,False,False,False,False
1764110814.1355543,0.006471567042376232,0.011438621425558165,0.385212845771325,0.0052990537076105845,0.014562918342109512,-0.01546620955605716,-0.017813858666000496,-0.04948049748261138,0.002019178789660292,71.71371963120284,36.13991933925367,4.992103567653887,50.06712229958546,9.84398190775929,False,False,False,False
1764110814.1977353,0.006471567042376232,0.011438621425558165,0.385212845771325,0.007846992139659364,0.01364635965854482,-0.011094559098152473,-0.019899281173486213,-0.04994003901265512,0.0014245123672624316,72.09891225017375,35.215444838775454,4.742744674303238,51.0265825875409,9.779542568764864,False,False,False,False
1764110814.258736,0.00795413747549805,0.011471557225616488,0.38553356427173285,0.009753442391714374,0.012066118152010603,-0.006707063818992499,-0.02652784018456319,-0.058624642735633725,0.004747802977159821,71.04042578887676,34.86550237734768,4.106760746969024,50.894212161232076,9.789086838750467,False,False,False,False
1764110814.3237875,0.00795413747549805,0.011471557225616488,0.38553356427173285,0.010897312542947379,0.011117973248090073,-0.004074566651496515,-0.0285109039388171,-0.05823006059877722,0.0033124361566937988,70.40976919011474,34.6509459892038,3.730270009897879,50.80619556735209,9.795317403542835,True,False,False,False
1764110814.3903813,0.007497216425373522,0.011721847841383352,0.38594830328546126,0.011620948648591815,0.012348785580904133,-0.005839912330680857,-0.039411702614627585,-0.06663059468597576,-0.004687955398137433,71.0306865691248,34.45623625733323,4.129857887360105,51.24035632570315,9.763688113799127,True,False,False,False
1764110814.452656,0.007427674187520515,0.01335645226018279,0.38216924820171916,0.011490005597856793,0.012013747588782486,-0.006297314712417146,-0.04630659723351094,-0.06872679931892087,-0.004391560955896323,70.99691538346025,34.13250571098462,3.649415139346056,51.50210741727142,9.743535141328914,True,False,False,False
1764110814.5152884,0.007427674187520515,0.01335645226018279,0.38216924820171916,0.01141143976741578,0.011812724793509498,-0.006571756141458921,-0.04327577354726944,-0.0680706836911186,-0.0030542029101495727,70.97828518739021,33.938156178803574,3.3621351343731694,51.65951492470893,9.731024118705655,True,False,False,False
1764110814.5753186,0.008983856730207369,0.014066079335434608,0.3772363645257434,0.011976356261139584,0.00888834643013995,-0.003844648645751269,-0.04540167330434372,-0.07036082934339324,0.0012582106096912238,72.13967019023755,32.51476464074548,3.789670702423124,53.38045630353673,9.575164533096702,True,False,False,False
1764110814.6363063,0.008983856730207369,0.014066079335434608,0.3772363645257434,0,0,0,-0.07594194553126662,-0.0931681846983162,0.005572645209766525,0.0,0.0,0.0,0.0,0.0,False,False,False,False
1764110814.6979759,0.008983856730207369,0.014066079335434608,0.3772363645257434,0,0,0,0,0,0,0.0,0.0,0.0,0.0,0.0,False,False,False,False
1764110814.7553866,0.008983856730207369,0.014066079335434608,0.3772363645257434,0,0,0,0,0,0,0.0,0.0,0.0,0.0,0.0,False,False,False,False
1764110814.8069012,0.008983856730207369,0.014066079335434608,0.3772363645257434,0,0,0,0,0,0,0.0,0.0,0.0,0.0,0.0,False,False,False,False
1764110814.869339,0.008983856730207369,0.014066079335434608,0.3772363645257434,0,0,0,0,0,0,0.0,0.0,0.0,0.0,0.0,False,False,False,False
1764110814.9322944,0.008983856730207369,0.014066079335434608,0.3772363645257434,0,0,0,0,0,0,0.0,0.0,0.0,0.0,0.0,False,False,False,False
1764110814.9939177,0.008983856730207369,0.014066079335434608,0.3772363645257434,0,0,0,0,0,0,0.0,0.0,0.0,0.0,0.0,False,False,False,False
1764110815.0594676,0.008983856730207369,0.014066079335434608,0.3772363645257434,0,0,0,0,0,0,0.0,0.0,0.0,0.0,0.0,False,False,False,False
1764110815.1245203,0.008983856730207369,0.014066079335434608,0.3772363645257434,0,0,0,0,0,0,0.0,0.0,0.0,0.0,0.0,False,False,False,False
1764110815.1806245,0.008983856730207369,0.014066079335434608,0.3772363645257434,0,0,0,0,0,0,0.0,0.0,0.0,0.0,0.0,False,False,False,False
1764110815.2291558,0.008983856730207369,0.014066079335434608,0.3772363645257434,0,0,0,0,0,0,0.0,0.0,0.0,0.0,0.0,False,False,False,False
1764110815.2895882,0.008983856730207369,0.014066079335434608,0.3772363645257434,0,0,0,0,0,0,0.0,0.0,0.0,0.0,0.0,False,False,False,False
1764110815.3381052,0.008983856730207369,0.014066079335434608,0.3772363645257434,0,0,0,0,0,0,0.0,0.0,0.0,0.0,0.0,False,False,False,False
1764110815.4000113,0.008983856730207369,0.014066079335434608,0.3772363645257434,0,0,0,0,0,0,0.0,0.0,0.0,0.0,0.0,False,False,False,False
1764110815.4521706,0.008983856730207369,0.014066079335434608,0.3772363645257434,0,0,0,0,0,0,0.0,0.0,0.0,0.0,0.0,False,False,False,False
1764110815.4989893,0.008983856730207369,0.014066079335434608,0.3772363645257434,0,0,0,0,0,0,0.0,0.0,0.0,0.0,0.0,False,False,False,False
1764110815.543382,0.008983856730207369,0.014066079335434608,0.3772363645257434,0,0,0,0,0,0,0.0,0.0,0.0,0.0,0.0,False,False,False,False
1764110815.5903914,0.008983856730207369,0.014066079335434608,0.3772363645257434,0,0,0,0,0,0,0.0,0.0,0.0,0.0,0.0,False,False,False,False
1764110815.651707,0.008983856730207369,0.014066079335434608,0.3772363645257434,0,0,0,0,0,0,0.0,0.0,0.0,0.0,0.0,False,False,False,False
1764110815.714241,0.008983856730207369,0.014066079335434608,0.3772363645257434,0,0,0,0,0,0,0.0,0.0,0.0,0.0,0.0,False,False,False,False
1764110815.776253,0.008983856730207369,0.014066079335434608,0.3772363645257434,0,0,0,-0.22453612977624568,0.30343338107794304,-0.01689263887379261,0.0,0.0,0.0,0.0,0.0,False,False,False,False
